<?xml version="1.0" encoding="UTF-8"?>
<project-private xmlns="http://www.netbeans.org/ns/project-private/1">
    <editor-bookmarks xmlns="http://www.netbeans.org/ns/editor-bookmarks/2" lastBookmarkId="0"/>
    <open-files xmlns="http://www.netbeans.org/ns/projectui-open-files/2">
        <group>
            <file>file:/Users/n/Documents/JavaCodes/InterfazG/InterfazGrafica/src/vista/ventana.java</file>
            <file>file:/Users/n/Documents/JavaCodes/InterfazG/InterfazGrafica/src/modelo/persona.java</file>
            <file>file:/Users/n/Documents/JavaCodes/InterfazG/InterfazGrafica/src/controlador/logica_ventana.java</file>
            <file>file:/Users/n/Documents/JavaCodes/InterfazG/InterfazGrafica/src/modelo/personaDAO.java</file>
        </group>
    </open-files>
</project-private>
